{
	"format_version": "1.8.0",
	"animations": {
		"animation.turtleplastichead.die": {
			"loop": true,
			"animation_length": 2.625,
			"bones": {
				"head": {
					"rotation": {
						"0.0": {
							"vector": [-22.5, 0, 0]
						},
						"0.0833": {
							"vector": [20.88852, 16.41371, 6.15491]
						},
						"0.1667": {
							"vector": [-11.42919, -13.00841, 12.08343]
						},
						"0.25": {
							"vector": [-22.5, 0, 0]
						},
						"0.3333": {
							"vector": [20.88852, 16.41371, 6.15491]
						},
						"0.4167": {
							"vector": [-11.42919, -13.00841, 12.08343]
						},
						"0.5": {
							"vector": [-22.5, 0, 0]
						},
						"0.5833": {
							"vector": [20.88852, 16.41371, 6.15491]
						},
						"0.6667": {
							"vector": [-11.42919, -13.00841, 12.08343]
						},
						"0.75": {
							"vector": [-22.5, 0, 0]
						},
						"0.8333": {
							"vector": [20.88852, 16.41371, 6.15491]
						},
						"0.9167": {
							"vector": [-11.42919, -13.00841, 12.08343]
						},
						"1.0": {
							"vector": [-22.5, 0, 0]
						},
						"1.0833": {
							"vector": [20.88852, 16.41371, 6.15491]
						},
						"1.1667": {
							"vector": [-11.42919, -13.00841, 12.08343]
						},
						"1.25": {
							"vector": [-22.5, 0, 0]
						},
						"1.3333": {
							"vector": [20.88852, 16.41371, 6.15491]
						},
						"1.4167": {
							"vector": [-11.42919, -13.00841, 12.08343]
						},
						"1.5": {
							"vector": [-22.5, 0, 0]
						},
						"1.5833": {
							"vector": [20.88852, 16.41371, 6.15491]
						},
						"1.6667": {
							"vector": [-11.42919, -13.00841, 12.08343]
						},
						"1.75": {
							"vector": [-22.5, 0, 0]
						},
						"1.8333": {
							"vector": [20.88852, 16.41371, 6.15491]
						},
						"1.9167": {
							"vector": [-11.42919, -13.00841, 12.08343]
						},
						"2.0": {
							"vector": [-22.5, 0, 0]
						},
						"2.0833": {
							"vector": [20.88852, 16.41371, 6.15491]
						},
						"2.1667": {
							"vector": [-11.42919, -13.00841, 12.08343]
						},
						"2.25": {
							"vector": [-22.5, 0, 0]
						},
						"2.3333": {
							"vector": [20.88852, 16.41371, 6.15491]
						},
						"2.4167": {
							"vector": [-11.42919, -13.00841, 12.08343]
						}
					}
				},
				"leg0": {
					"rotation": {
						"0.0": {
							"vector": [0, 0, 0]
						},
						"0.5": {
							"vector": [35, 0, 0]
						},
						"0.9583": {
							"vector": [0, 0, 0]
						},
						"1.4583": {
							"vector": [35, 0, 0]
						},
						"1.9583": {
							"vector": [0, 0, 0]
						},
						"2.4583": {
							"vector": [35, 0, 0]
						}
					}
				},
				"leg1": {
					"rotation": {
						"0.0": {
							"vector": [0, 0, 0]
						},
						"0.5": {
							"vector": [35, 0, 0]
						},
						"0.9583": {
							"vector": [0, 0, 0]
						},
						"1.4583": {
							"vector": [35, 0, 0]
						},
						"1.9583": {
							"vector": [0, 0, 0]
						},
						"2.4583": {
							"vector": [35, 0, 0]
						}
					}
				},
				"leg2": {
					"rotation": {
						"0.0": {
							"vector": [0, 0, 0]
						},
						"0.0833": {
							"vector": [0, 0, 45]
						},
						"0.1667": {
							"vector": [0, 0, 0]
						},
						"0.25": {
							"vector": [0, 0, 45]
						},
						"0.3333": {
							"vector": [0, 0, 0]
						},
						"0.4167": {
							"vector": [0, 0, 45]
						},
						"0.5": {
							"vector": [0, 0, 0]
						},
						"0.5833": {
							"vector": [0, 0, 45]
						},
						"0.6667": {
							"vector": [0, 0, 0]
						},
						"0.75": {
							"vector": [0, 0, 45]
						},
						"0.8333": {
							"vector": [0, 0, 0]
						},
						"0.9167": {
							"vector": [0, 0, 45]
						},
						"1.0": {
							"vector": [0, 0, 0]
						},
						"1.0833": {
							"vector": [0, 0, 45]
						},
						"1.1667": {
							"vector": [0, 0, 0]
						},
						"1.25": {
							"vector": [0, 0, 45]
						},
						"1.3333": {
							"vector": [0, 0, 0]
						},
						"1.4167": {
							"vector": [0, 0, 45]
						},
						"1.5": {
							"vector": [0, 0, 0]
						},
						"1.5833": {
							"vector": [0, 0, 45]
						},
						"1.6667": {
							"vector": [0, 0, 0]
						},
						"1.75": {
							"vector": [0, 0, 45]
						},
						"1.8333": {
							"vector": [0, 0, 0]
						},
						"1.9167": {
							"vector": [0, 0, 45]
						},
						"2.0": {
							"vector": [0, 0, 0]
						},
						"2.0833": {
							"vector": [0, 0, 45]
						},
						"2.1667": {
							"vector": [0, 0, 0]
						},
						"2.25": {
							"vector": [0, 0, 45]
						},
						"2.3333": {
							"vector": [0, 0, 0]
						},
						"2.4167": {
							"vector": [0, 0, 45]
						}
					}
				},
				"leg3": {
					"rotation": {
						"0.0": {
							"vector": [0, 0, 0]
						},
						"0.0833": {
							"vector": [0, 0, -45]
						},
						"0.1667": {
							"vector": [0, 0, 0]
						},
						"0.25": {
							"vector": [0, 0, -45]
						},
						"0.3333": {
							"vector": [0, 0, 0]
						},
						"0.4167": {
							"vector": [0, 0, -45]
						},
						"0.5": {
							"vector": [0, 0, 0]
						},
						"0.5833": {
							"vector": [0, 0, -45]
						},
						"0.6667": {
							"vector": [0, 0, 0]
						},
						"0.75": {
							"vector": [0, 0, -45]
						},
						"0.8333": {
							"vector": [0, 0, 0]
						},
						"0.9167": {
							"vector": [0, 0, -45]
						},
						"1.0": {
							"vector": [0, 0, 0]
						},
						"1.0833": {
							"vector": [0, 0, -45]
						},
						"1.1667": {
							"vector": [0, 0, 0]
						},
						"1.25": {
							"vector": [0, 0, -45]
						},
						"1.3333": {
							"vector": [0, 0, 0]
						},
						"1.4167": {
							"vector": [0, 0, -45]
						},
						"1.5": {
							"vector": [0, 0, 0]
						},
						"1.5833": {
							"vector": [0, 0, -45]
						},
						"1.6667": {
							"vector": [0, 0, 0]
						},
						"1.75": {
							"vector": [0, 0, -45]
						},
						"1.8333": {
							"vector": [0, 0, 0]
						},
						"1.9167": {
							"vector": [0, 0, -45]
						},
						"2.0": {
							"vector": [0, 0, 0]
						},
						"2.0833": {
							"vector": [0, 0, -45]
						},
						"2.1667": {
							"vector": [0, 0, 0]
						},
						"2.25": {
							"vector": [0, 0, -45]
						},
						"2.3333": {
							"vector": [0, 0, 0]
						},
						"2.4167": {
							"vector": [0, 0, -45]
						}
					}
				},
				"PlasticBag": {
					"rotation": {
						"0.0": {
							"vector": [-22.5, 0, 0]
						},
						"0.0833": {
							"vector": [20.88852, 16.41371, 6.15491]
						},
						"0.1667": {
							"vector": [-11.42919, -13.00841, 12.08343]
						},
						"0.25": {
							"vector": [-22.5, 0, 0]
						},
						"0.3333": {
							"vector": [20.88852, 16.41371, 6.15491]
						},
						"0.4167": {
							"vector": [-11.42919, -13.00841, 12.08343]
						},
						"0.5": {
							"vector": [-22.5, 0, 0]
						},
						"0.5833": {
							"vector": [20.88852, 16.41371, 6.15491]
						},
						"0.6667": {
							"vector": [-11.42919, -13.00841, 12.08343]
						},
						"0.75": {
							"vector": [-22.5, 0, 0]
						},
						"0.8333": {
							"vector": [20.88852, 16.41371, 6.15491]
						},
						"0.9167": {
							"vector": [-11.42919, -13.00841, 12.08343]
						},
						"1.0": {
							"vector": [-22.5, 0, 0]
						},
						"1.0833": {
							"vector": [20.88852, 16.41371, 6.15491]
						},
						"1.1667": {
							"vector": [-11.42919, -13.00841, 12.08343]
						},
						"1.25": {
							"vector": [-22.5, 0, 0]
						},
						"1.3333": {
							"vector": [20.88852, 16.41371, 6.15491]
						},
						"1.4167": {
							"vector": [-11.42919, -13.00841, 12.08343]
						},
						"1.5": {
							"vector": [-22.5, 0, 0]
						},
						"1.5833": {
							"vector": [20.88852, 16.41371, 6.15491]
						},
						"1.6667": {
							"vector": [-11.42919, -13.00841, 12.08343]
						},
						"1.75": {
							"vector": [-22.5, 0, 0]
						},
						"1.8333": {
							"vector": [20.88852, 16.41371, 6.15491]
						},